Date,Open,High,Low,Close,Adj Close,Volume
2021-05-17,1681.8182373046875,1777.272705078125,1654.54541015625,1754.54541015625,1669.7706298828125,215600
2021-05-18,1772.727294921875,1790.9090576171875,1713.6363525390625,1727.272705078125,1643.8157958984375,234300
2021-05-19,1736.3636474609375,1827.272705078125,1731.8182373046875,1740.9090576171875,1656.7933349609375,368500
2021-05-20,1745.45458984375,1813.6363525390625,1727.272705078125,1800.0,1713.0291748046875,204600
2021-05-21,1822.727294921875,1845.45458984375,1745.45458984375,1754.54541015625,1669.7706298828125,254100
2021-05-24,1727.272705078125,1809.0909423828125,1727.272705078125,1804.54541015625,1717.35498046875,104500
2021-05-25,1831.8182373046875,1940.9090576171875,1813.6363525390625,1922.727294921875,1829.826416015625,356400
2021-05-26,1954.54541015625,2036.3636474609375,1886.3636474609375,2009.0909423828125,1912.017333984375,279400
2021-05-27,2000.0,2209.0908203125,1959.0909423828125,2136.363525390625,2033.140625,419100
2021-05-28,2136.363525390625,2163.636474609375,1990.9090576171875,2004.54541015625,1907.6912841796875,555500
2021-05-31,2004.54541015625,2063.636474609375,1990.9090576171875,2018.1817626953125,1920.6689453125,221100
2021-06-01,2054.54541015625,2127.272705078125,2022.727294921875,2022.727294921875,1924.994873046875,324500
2021-06-02,2045.45458984375,2045.45458984375,1940.9090576171875,1977.272705078125,1881.736572265625,183700
2021-06-03,2027.272705078125,2168.181884765625,2027.272705078125,2068.181884765625,1968.253173828125,823900
2021-06-04,2027.272705078125,2040.9090576171875,1936.3636474609375,1945.45458984375,1851.4556884765625,231000
2021-06-07,1945.45458984375,1995.45458984375,1854.54541015625,1995.45458984375,1899.039794921875,370700
2021-06-08,2000.0,2009.0909423828125,1927.272705078125,1972.727294921875,1877.41064453125,137500
2021-06-09,1945.45458984375,1963.6363525390625,1913.6363525390625,1945.45458984375,1851.4556884765625,90200
2021-06-10,1954.54541015625,2068.181884765625,1954.54541015625,2040.9090576171875,1942.2982177734375,202400
2021-06-11,2031.8182373046875,2054.54541015625,1977.272705078125,1995.45458984375,1899.039794921875,101200
2021-06-15,1981.8182373046875,2009.0909423828125,1959.0909423828125,1977.272705078125,1881.736572265625,66000
2021-06-16,2009.0909423828125,2009.0909423828125,1927.272705078125,1945.45458984375,1851.4556884765625,102300
2021-06-17,1968.1817626953125,1995.45458984375,1927.272705078125,1990.9090576171875,1894.7139892578125,113300
2021-06-18,1968.1817626953125,1972.727294921875,1913.6363525390625,1922.727294921875,1851.8115234375,149600
2021-06-21,1900.0,1950.0,1900.0,1922.727294921875,1851.8115234375,45100
2021-06-22,1936.3636474609375,1959.0909423828125,1868.1817626953125,1909.0909423828125,1838.67822265625,121000
2021-06-23,1913.6363525390625,1927.272705078125,1872.727294921875,1881.8182373046875,1812.411376953125,104500
2021-06-24,1909.0909423828125,1922.727294921875,1872.727294921875,1881.8182373046875,1812.411376953125,229900
2021-06-25,1890.9090576171875,1940.9090576171875,1818.1817626953125,1845.45458984375,1777.388916015625,316800
2021-06-28,1859.0909423828125,1931.8182373046875,1859.0909423828125,1890.9090576171875,1821.1668701171875,215600
2021-06-29,1890.9090576171875,1918.1817626953125,1845.45458984375,1854.54541015625,1786.1444091796875,140800
2021-06-30,1863.6363525390625,1881.8182373046875,1804.54541015625,1827.272705078125,1759.877685546875,199100
2021-07-01,1840.9090576171875,1995.45458984375,1840.9090576171875,1922.727294921875,1851.8115234375,467500
2021-07-02,1936.3636474609375,2022.727294921875,1936.3636474609375,1986.3636474609375,1913.100830078125,239800
2021-07-05,2000.0,2009.0909423828125,1968.1817626953125,1981.8182373046875,1908.72314453125,105600
2021-07-06,2018.1817626953125,2022.727294921875,1963.6363525390625,1990.9090576171875,1917.4786376953125,149600
2021-07-07,2013.6363525390625,2054.54541015625,1986.3636474609375,1990.9090576171875,1917.4786376953125,123200
2021-07-08,2045.45458984375,2059.0908203125,2004.54541015625,2036.3636474609375,1961.2567138671875,168300
2021-07-09,2031.8182373046875,2068.181884765625,2013.6363525390625,2045.45458984375,1970.0123291015625,113300
2021-07-12,2077.272705078125,2168.181884765625,2063.636474609375,2140.9091796875,2061.9462890625,207900
2021-07-13,2163.636474609375,2200.0,2045.45458984375,2054.54541015625,1978.767822265625,182600
2021-07-14,2086.363525390625,2113.636474609375,2045.45458984375,2059.0908203125,1983.1456298828125,138600
2021-07-15,2063.636474609375,2109.0908203125,1990.9090576171875,2000.0,1926.2342529296875,128700
2021-07-16,2000.0,2077.272705078125,1990.9090576171875,2036.3636474609375,1961.2567138671875,145200
2021-07-19,2036.3636474609375,2145.45458984375,2036.3636474609375,2122.727294921875,2044.43505859375,223300
2021-07-20,2127.272705078125,2218.181884765625,2127.272705078125,2195.45458984375,2114.479736328125,378400
2021-07-21,2259.0908203125,2259.0908203125,2168.181884765625,2195.45458984375,2114.479736328125,271700
2021-07-22,2204.54541015625,2204.54541015625,2127.272705078125,2200.0,2118.857421875,163900
2021-07-23,2245.45458984375,2272.727294921875,2172.727294921875,2213.636474609375,2131.9912109375,171600
2021-07-26,2227.272705078125,2295.45458984375,2227.272705078125,2268.181884765625,2184.52490234375,187000
2021-07-27,2295.45458984375,2295.45458984375,2150.0,2218.181884765625,2136.368896484375,232100
2021-07-28,2200.0,2200.0,2059.0908203125,2068.181884765625,1991.9014892578125,207900
2021-07-29,2090.9091796875,2168.181884765625,2068.181884765625,2090.9091796875,2013.790283203125,215600
2021-07-30,2090.9091796875,2131.818115234375,2031.8182373046875,2040.9090576171875,1965.634521484375,104500
2021-08-02,1990.9090576171875,2031.8182373046875,1968.1817626953125,1990.9090576171875,1917.4786376953125,179300
2021-08-03,2009.0909423828125,2045.45458984375,1995.45458984375,2036.3636474609375,1961.2567138671875,170500
2021-08-04,2045.45458984375,2068.181884765625,2031.8182373046875,2031.8182373046875,1956.87890625,105600
2021-08-05,2059.0908203125,2059.0908203125,1990.9090576171875,2040.9090576171875,1965.634521484375,135300
2021-08-06,2063.636474609375,2090.9091796875,2045.45458984375,2054.54541015625,1978.767822265625,266200
2021-08-09,2063.636474609375,2063.636474609375,1981.8182373046875,1986.3636474609375,1913.100830078125,71500
2021-08-10,1977.272705078125,1977.272705078125,1836.3636474609375,1881.8182373046875,1812.411376953125,198000
2021-08-11,1918.1817626953125,1927.272705078125,1854.54541015625,1904.54541015625,1834.30029296875,124300
2021-08-12,1904.54541015625,2022.727294921875,1904.54541015625,1986.3636474609375,1913.100830078125,513700
2021-08-13,2022.727294921875,2022.727294921875,1918.1817626953125,1977.272705078125,1904.34521484375,183700
2021-08-16,1950.0,1972.727294921875,1836.3636474609375,1836.3636474609375,1768.6331787109375,247500
2021-08-17,1850.0,1863.6363525390625,1754.54541015625,1786.3636474609375,1720.4774169921875,249700
2021-08-18,1809.0909423828125,1836.3636474609375,1745.45458984375,1818.1817626953125,1751.1219482421875,191400
2021-08-19,1909.0909423828125,1968.1817626953125,1854.54541015625,1890.9090576171875,1821.1668701171875,419100
2021-08-20,1900.0,2000.0,1868.1817626953125,1972.727294921875,1899.9674072265625,290400
2021-08-23,2013.6363525390625,2018.1817626953125,1936.3636474609375,1936.3636474609375,1864.945068359375,205700
2021-08-24,1959.0909423828125,1963.6363525390625,1909.0909423828125,1909.0909423828125,1838.67822265625,78100
2021-08-25,1909.0909423828125,1954.54541015625,1909.0909423828125,1940.9090576171875,1869.3226318359375,31900
2021-08-26,1945.45458984375,2045.45458984375,1940.9090576171875,2009.0909423828125,1934.9898681640625,265100
2021-08-27,1977.272705078125,2068.181884765625,1977.272705078125,2068.181884765625,1991.9014892578125,155100
2021-08-30,2077.272705078125,2195.45458984375,2077.272705078125,2154.54541015625,2075.079345703125,332200
2021-08-31,2131.818115234375,2163.636474609375,2090.9091796875,2136.363525390625,2057.568359375,123200
2021-09-01,2104.54541015625,2186.363525390625,2104.54541015625,2159.0908203125,2079.457275390625,139700
2021-09-02,2177.272705078125,2295.45458984375,2090.9091796875,2109.0908203125,2031.301513671875,330000
2021-09-03,2154.54541015625,2154.54541015625,2072.727294921875,2086.363525390625,2009.412353515625,150700
2021-09-06,2118.181884765625,2118.181884765625,2031.8182373046875,2031.8182373046875,1956.87890625,118800
2021-09-07,2045.45458984375,2090.9091796875,1990.9090576171875,1990.9090576171875,1917.4786376953125,128700
2021-09-08,1968.1817626953125,2000.0,1959.0909423828125,1981.8182373046875,1908.72314453125,84700
2021-09-09,1954.54541015625,2045.45458984375,1954.54541015625,2018.1817626953125,1943.745361328125,168300
2021-09-10,2013.6363525390625,2068.181884765625,2013.6363525390625,2045.45458984375,1970.0123291015625,103400
2021-09-13,2059.0908203125,2063.636474609375,2009.0909423828125,2045.45458984375,1970.0123291015625,148500
2021-09-14,2022.727294921875,2086.363525390625,2013.6363525390625,2045.45458984375,1970.0123291015625,167200
2021-09-15,2045.45458984375,2045.45458984375,1931.8182373046875,1963.6363525390625,1891.2117919921875,202400
2021-09-16,2013.6363525390625,2018.1817626953125,1959.0909423828125,1968.1817626953125,1895.5894775390625,154000
2021-09-17,1990.9090576171875,2072.727294921875,1959.0909423828125,2068.181884765625,1991.9014892578125,216700
2021-09-22,1990.9090576171875,2100.0,1990.9090576171875,2059.0908203125,1983.1456298828125,189200
2021-09-23,2109.0908203125,2222.727294921875,2109.0908203125,2204.54541015625,2123.2353515625,459800
2021-09-24,2268.181884765625,2300.0,2168.181884765625,2227.272705078125,2145.12451171875,559900
2021-09-27,2240.9091796875,2259.0908203125,2145.45458984375,2145.45458984375,2066.32373046875,112200
2021-09-28,2163.636474609375,2200.0,2040.9090576171875,2100.0,2022.5458984375,284900
2021-09-29,2081.818115234375,2181.818115234375,2045.45458984375,2109.0908203125,2031.301513671875,393800
2021-09-30,2181.818115234375,2186.363525390625,2095.45458984375,2113.636474609375,2035.679443359375,157300
2021-10-01,2072.727294921875,2127.272705078125,2036.3636474609375,2050.0,1974.3900146484375,74800
2021-10-04,2054.54541015625,2145.45458984375,1972.727294921875,2090.9091796875,2013.790283203125,190300
2021-10-05,2118.181884765625,2168.181884765625,2072.727294921875,2168.181884765625,2088.213134765625,233200
2021-10-06,2181.818115234375,2254.54541015625,2104.54541015625,2131.818115234375,2053.190673828125,214500
2021-10-07,2186.363525390625,2254.54541015625,2154.54541015625,2227.272705078125,2145.12451171875,289300
2021-10-08,2263.636474609375,2304.54541015625,2218.181884765625,2263.636474609375,2180.14697265625,261800
2021-10-12,2263.636474609375,2263.636474609375,2118.181884765625,2159.0908203125,2079.457275390625,129800
2021-10-13,2163.636474609375,2204.54541015625,2100.0,2100.0,2022.5458984375,146300
2021-10-14,2113.636474609375,2159.0908203125,2054.54541015625,2054.54541015625,1978.767822265625,188100
2021-10-15,2054.54541015625,2100.0,2036.3636474609375,2090.9091796875,2013.790283203125,255200
2021-10-18,2050.0,2059.0908203125,2004.54541015625,2018.1817626953125,1943.745361328125,108900
2021-10-19,2018.1817626953125,2086.363525390625,1990.9090576171875,2086.363525390625,2009.412353515625,122100
2021-10-20,2077.272705078125,2159.0908203125,2072.727294921875,2090.9091796875,2013.790283203125,134200
2021-10-21,2122.727294921875,2140.9091796875,2040.9090576171875,2095.45458984375,2018.1680908203125,90200
2021-10-22,2136.363525390625,2250.0,2100.0,2200.0,2118.857421875,211200
2021-10-25,2218.181884765625,2263.636474609375,2168.181884765625,2168.181884765625,2088.213134765625,137500
2021-10-26,2200.0,2295.45458984375,2200.0,2240.9091796875,2158.258056640625,212300
2021-10-27,2277.272705078125,2463.636474609375,2277.272705078125,2463.636474609375,2372.770263671875,355300
2021-10-28,2563.636474609375,2654.54541015625,2486.363525390625,2581.818115234375,2486.593017578125,498300
2021-10-29,2627.272705078125,2668.181884765625,2518.181884765625,2518.181884765625,2425.303955078125,251900
2021-11-01,2518.181884765625,2590.9091796875,2390.9091796875,2418.181884765625,2328.9921875,304700
2021-11-02,2454.54541015625,2472.727294921875,2345.45458984375,2372.727294921875,2285.214111328125,257400
2021-11-03,2372.727294921875,2377.272705078125,2318.181884765625,2340.9091796875,2254.56982421875,85800
2021-11-04,2400.0,2459.0908203125,2327.272705078125,2390.9091796875,2302.7255859375,198000
2021-11-05,2409.0908203125,2454.54541015625,2386.363525390625,2409.0908203125,2320.236328125,202400
2021-11-08,2418.181884765625,2418.181884765625,2363.636474609375,2395.45458984375,2307.103515625,68200
2021-11-09,2513.636474609375,2618.181884765625,2463.636474609375,2490.9091796875,2399.037109375,294800
2021-11-10,2481.818115234375,2481.818115234375,2409.0908203125,2440.9091796875,2350.881591796875,166100
2021-11-11,2431.818115234375,2531.818115234375,2390.9091796875,2463.636474609375,2372.770263671875,210100
2021-11-12,2481.818115234375,2636.363525390625,2481.818115234375,2627.272705078125,2530.37109375,312400
2021-11-15,2627.272705078125,2722.727294921875,2627.272705078125,2654.54541015625,2556.63818359375,156200
2021-11-16,2681.818115234375,2918.181884765625,2677.272705078125,2895.45458984375,2788.661865234375,396000
2021-11-17,2895.45458984375,3018.181884765625,2800.0,2927.272705078125,2819.306396484375,337700
2021-11-18,2931.818115234375,2963.636474609375,2845.45458984375,2922.727294921875,2814.928955078125,192500
2021-11-19,2922.727294921875,2945.45458984375,2831.818115234375,2890.9091796875,2784.283935546875,195800
2021-11-22,2863.636474609375,2927.272705078125,2831.818115234375,2895.45458984375,2788.661865234375,90200
2021-11-23,2904.54541015625,2904.54541015625,2727.272705078125,2745.45458984375,2644.1943359375,211200
2021-11-24,2727.272705078125,2740.9091796875,2654.54541015625,2704.54541015625,2604.794189453125,156200
2021-11-25,2636.363525390625,2790.9091796875,2518.181884765625,2713.636474609375,2613.5498046875,625900
2021-11-26,2650.0,2800.0,2650.0,2772.727294921875,2670.4609375,290400
2021-11-29,2704.54541015625,2868.181884765625,2704.54541015625,2863.636474609375,2758.017333984375,147400
2021-11-30,3036.363525390625,3122.727294921875,2936.363525390625,3059.0908203125,2946.2626953125,327800
2021-12-01,2890.9091796875,2995.45458984375,2863.636474609375,2959.0908203125,2849.951171875,323400
2021-12-02,2981.818115234375,3018.181884765625,2922.727294921875,2954.54541015625,2845.5732421875,190300
2021-12-03,2959.0908203125,2972.727294921875,2827.272705078125,2845.45458984375,2740.505859375,337700
2021-12-06,2809.0908203125,2918.181884765625,2809.0908203125,2845.45458984375,2740.505859375,149600
2021-12-07,2727.272705078125,2804.54541015625,2722.727294921875,2781.818115234375,2679.216552734375,295900
2021-12-08,2809.0908203125,2959.0908203125,2809.0908203125,2959.0908203125,2849.951171875,209000
2021-12-09,2963.636474609375,2995.45458984375,2909.0908203125,2959.0908203125,2849.951171875,104500
2021-12-10,2913.636474609375,3013.636474609375,2913.636474609375,2986.363525390625,2876.2177734375,147400
2021-12-13,2981.818115234375,2981.818115234375,2909.0908203125,2954.54541015625,2845.5732421875,105600
2021-12-14,2972.727294921875,2977.272705078125,2818.181884765625,2840.9091796875,2736.128173828125,159500
2021-12-15,2950.0,2950.0,2818.181884765625,2850.0,2744.8837890625,178200
2021-12-16,2895.45458984375,3000.0,2859.0908203125,3000.0,2889.351318359375,232100
2021-12-17,3000.0,3109.0908203125,2986.363525390625,3090.9091796875,2976.907470703125,265100
2021-12-20,3081.818115234375,3122.727294921875,3036.363525390625,3068.181884765625,2955.0185546875,123200
2021-12-21,3045.45458984375,3177.272705078125,3045.45458984375,3177.272705078125,3060.0859375,105600
2021-12-22,3177.272705078125,3209.0908203125,3131.818115234375,3159.0908203125,3042.574462890625,117700
2021-12-23,3136.363525390625,3136.363525390625,3022.727294921875,3090.9091796875,2976.907470703125,216700
2021-12-24,3122.727294921875,3163.636474609375,3118.181884765625,3145.45458984375,3029.44091796875,133100
2021-12-27,3122.727294921875,3163.636474609375,3104.54541015625,3113.636474609375,2998.796630859375,66000
2021-12-28,3150.0,3177.272705078125,3131.818115234375,3140.9091796875,3025.0634765625,91300
2021-12-29,3127.272705078125,3159.0908203125,3095.45458984375,3145.45458984375,3029.44091796875,51700
2021-12-30,3127.272705078125,3290.9091796875,3127.272705078125,3240.9091796875,3121.375244140625,139700
2022-01-03,3240.9091796875,3340.9091796875,3186.363525390625,3222.727294921875,3103.864013671875,140800
2022-01-04,3222.727294921875,3222.727294921875,3054.54541015625,3077.272705078125,2963.774169921875,202400
2022-01-05,3054.54541015625,3054.54541015625,2877.272705078125,2913.636474609375,2806.17333984375,550000
2022-01-06,2913.636474609375,2922.727294921875,2800.0,2872.727294921875,2766.77294921875,278300
2022-01-07,2863.636474609375,2918.181884765625,2745.45458984375,2800.0,2696.727783203125,282700
2022-01-10,2740.9091796875,2845.45458984375,2727.272705078125,2845.45458984375,2740.505859375,181500
2022-01-11,2845.45458984375,2859.0908203125,2686.363525390625,2818.181884765625,2714.2392578125,229900
2022-01-12,2859.0908203125,2868.181884765625,2772.727294921875,2863.636474609375,2758.017333984375,267300
2022-01-13,2863.636474609375,2986.363525390625,2863.636474609375,2945.45458984375,2836.817626953125,303600
2022-01-14,2886.363525390625,2909.0908203125,2822.727294921875,2890.9091796875,2784.283935546875,140800
2022-01-17,2890.9091796875,2890.9091796875,2804.54541015625,2845.45458984375,2740.505859375,66000
2022-01-18,2795.45458984375,2922.727294921875,2795.45458984375,2827.272705078125,2722.99462890625,262900
2022-01-19,2777.272705078125,2931.818115234375,2777.272705078125,2804.54541015625,2701.105712890625,195800
2022-01-20,2818.181884765625,2890.9091796875,2763.636474609375,2813.636474609375,2709.861572265625,181500
2022-01-21,2759.0908203125,2768.181884765625,2672.727294921875,2677.272705078125,2578.527099609375,233200
2022-01-24,2677.272705078125,2695.45458984375,2554.54541015625,2695.45458984375,2596.03857421875,312400
2022-01-25,2690.9091796875,2768.181884765625,2677.272705078125,2768.181884765625,2666.08349609375,253000
2022-01-26,2768.181884765625,2800.0,2704.54541015625,2754.54541015625,2652.94970703125,136400
2022-02-07,2759.0908203125,2940.9091796875,2759.0908203125,2940.9091796875,2832.43994140625,387200
2022-02-08,2881.818115234375,3045.45458984375,2881.818115234375,3045.45458984375,2933.12939453125,299200
2022-02-09,3022.727294921875,3054.54541015625,2922.727294921875,2968.181884765625,2858.706787109375,322300
2022-02-10,3009.0908203125,3063.636474609375,2909.0908203125,2945.45458984375,2836.817626953125,261800
2022-02-11,2954.54541015625,3000.0,2922.727294921875,2968.181884765625,2858.706787109375,116600
2022-02-14,2909.0908203125,2909.0908203125,2672.727294921875,2713.636474609375,2613.5498046875,315700
2022-02-15,2772.727294921875,2809.0908203125,2736.363525390625,2772.727294921875,2670.4609375,204600
2022-02-16,2800.0,2850.0,2745.45458984375,2750.0,2648.572265625,201300
2022-02-17,2750.0,2750.0,2559.0908203125,2618.181884765625,2521.61572265625,646800
2022-02-18,2586.363525390625,2600.0,2550.0,2568.181884765625,2473.4599609375,337700
2022-02-21,2581.818115234375,2586.363525390625,2395.45458984375,2463.636474609375,2372.770263671875,720500
2022-02-22,2454.54541015625,2504.54541015625,2409.0908203125,2440.9091796875,2350.881591796875,232100
2022-02-23,2427.272705078125,2463.636474609375,2404.54541015625,2431.818115234375,2342.125732421875,279400
2022-02-24,2450.0,2527.272705078125,2395.45458984375,2477.272705078125,2385.90380859375,315700
2022-02-25,2527.272705078125,2590.9091796875,2454.54541015625,2472.727294921875,2381.52587890625,310200
2022-03-01,2527.272705078125,2590.9091796875,2518.181884765625,2577.272705078125,2482.215576171875,293700
2022-03-02,2577.272705078125,2577.272705078125,2477.272705078125,2540.9091796875,2447.193115234375,184800
2022-03-03,2563.636474609375,2609.0908203125,2545.45458984375,2581.818115234375,2486.593017578125,236500
2022-03-04,2581.818115234375,2581.818115234375,2436.363525390625,2450.0,2359.636962890625,130900
2022-03-07,2450.0,2450.0,2331.818115234375,2440.9091796875,2350.881591796875,290400
2022-03-08,2363.636474609375,2463.636474609375,2363.636474609375,2445.45458984375,2355.25927734375,280500
2022-03-09,2522.727294921875,2604.54541015625,2477.272705078125,2595.45458984375,2499.726806640625,379500
2022-03-10,2686.363525390625,2772.727294921875,2640.9091796875,2686.363525390625,2587.28271484375,448800
2022-03-11,2645.45458984375,2681.818115234375,2600.0,2636.363525390625,2539.126708984375,187000
2022-03-14,2636.363525390625,2640.9091796875,2418.181884765625,2440.9091796875,2350.881591796875,424600
2022-03-15,2377.272705078125,2422.727294921875,2313.636474609375,2413.636474609375,2324.614501953125,399300
2022-03-16,2500.0,2572.727294921875,2436.363525390625,2468.181884765625,2377.148193359375,258500
2022-03-17,2668.181884765625,2713.636474609375,2636.363525390625,2681.818115234375,2582.90478515625,377300
2022-03-18,2659.0908203125,2704.54541015625,2636.363525390625,2686.363525390625,2587.28271484375,621500
2022-03-21,2686.363525390625,2727.272705078125,2636.363525390625,2654.54541015625,2556.63818359375,145200
2022-03-22,2700.0,2713.636474609375,2631.818115234375,2713.636474609375,2613.5498046875,128700
2022-03-23,2754.54541015625,2786.363525390625,2722.727294921875,2754.54541015625,2652.94970703125,125400
2022-03-24,2754.54541015625,2786.363525390625,2709.0908203125,2763.636474609375,2661.70556640625,134200
2022-03-25,2790.9091796875,2790.9091796875,2686.363525390625,2709.0908203125,2609.171630859375,134200
2022-03-28,2709.0908203125,2818.181884765625,2704.54541015625,2790.9091796875,2687.972412109375,99000
2022-03-29,2800.0,3000.0,2800.0,2981.818115234375,2871.83984375,288200
2022-03-30,3068.181884765625,3072.727294921875,2936.363525390625,2936.363525390625,2828.061767578125,177100
2022-03-31,3000.0,3072.727294921875,2940.9091796875,2963.636474609375,2854.3291015625,220000
2022-04-01,2963.636474609375,3050.0,2950.0,3013.636474609375,2902.48486328125,133100
2022-04-06,2945.45458984375,3027.272705078125,2931.818115234375,3027.272705078125,2915.6181640625,119900
2022-04-07,2959.0908203125,3022.727294921875,2800.0,2800.0,2696.727783203125,278300
2022-04-08,2809.0908203125,2854.54541015625,2731.818115234375,2740.9091796875,2639.816650390625,249700
2022-04-11,2759.0908203125,2845.45458984375,2709.0908203125,2845.45458984375,2740.505859375,165000
2022-04-12,2818.181884765625,2818.181884765625,2677.272705078125,2754.54541015625,2652.94970703125,218900
2022-04-13,2800.0,2986.363525390625,2772.727294921875,2972.727294921875,2863.08447265625,286000
2022-04-14,2931.818115234375,3022.727294921875,2931.818115234375,3022.727294921875,2911.240478515625,228800
2022-04-15,2972.727294921875,2972.727294921875,2881.818115234375,2913.636474609375,2806.17333984375,85800
2022-04-18,2963.636474609375,2990.9091796875,2936.363525390625,2954.54541015625,2845.5732421875,66000
2022-04-19,2995.45458984375,3072.727294921875,2936.363525390625,2954.54541015625,2845.5732421875,172700
2022-04-20,3000.0,3009.0908203125,2772.727294921875,2818.181884765625,2714.2392578125,389400
2022-04-21,2818.181884765625,2827.272705078125,2727.272705078125,2754.54541015625,2652.94970703125,383900
2022-04-22,2727.272705078125,2727.272705078125,2481.818115234375,2509.0908203125,2416.548095703125,509300
2022-04-25,2436.363525390625,2454.54541015625,2295.45458984375,2350.0,2263.3251953125,546700
2022-04-26,2472.727294921875,2481.818115234375,2186.363525390625,2259.0908203125,2175.76904296875,856900
2022-04-27,2077.272705078125,2309.0908203125,2045.45458984375,2309.0908203125,2223.9248046875,666600
2022-04-28,2309.0908203125,2486.363525390625,2218.181884765625,2454.54541015625,2364.014404296875,760100
2022-04-29,2500.0,2554.54541015625,2350.0,2409.0908203125,2320.236328125,584100
2022-05-03,2409.0908203125,2568.181884765625,2409.0908203125,2545.45458984375,2451.57080078125,416900
2022-05-04,2468.181884765625,2527.272705078125,2436.363525390625,2454.54541015625,2364.014404296875,266200
2022-05-05,2554.54541015625,2595.45458984375,2454.54541015625,2486.363525390625,2394.659423828125,414700
2022-05-06,2359.0908203125,2359.0908203125,2268.181884765625,2309.0908203125,2223.9248046875,458700
2022-05-09,2309.0908203125,2309.0908203125,2145.45458984375,2209.0908203125,2127.613037109375,435600
2022-05-10,2131.818115234375,2300.0,2100.0,2272.727294921875,2188.902587890625,467500
2022-05-11,2245.45458984375,2313.636474609375,2136.363525390625,2209.0908203125,2127.613037109375,619300
2022-05-12,2172.727294921875,2245.45458984375,2118.181884765625,2218.181884765625,2136.368896484375,620400
2022-05-13,2277.272705078125,2318.181884765625,2227.272705078125,2295.45458984375,2210.79150390625,404800
2022-05-16,2377.272705078125,2490.9091796875,2295.45458984375,2313.636474609375,2228.302978515625,487300
2022-05-17,2318.181884765625,2413.636474609375,2304.54541015625,2340.9091796875,2254.56982421875,289300
2022-05-18,2413.636474609375,2431.818115234375,2345.45458984375,2390.9091796875,2302.7255859375,315700
2022-05-19,2254.54541015625,2345.45458984375,2236.363525390625,2300.0,2215.169189453125,370700
2022-05-20,2218.181884765625,2231.818115234375,2163.636474609375,2163.636474609375,2083.835205078125,861300
2022-05-23,2181.818115234375,2200.0,2122.727294921875,2122.727294921875,2044.43505859375,400400
2022-05-24,2118.181884765625,2127.272705078125,1913.6363525390625,1954.54541015625,1882.4561767578125,1375000
2022-05-25,1963.6363525390625,2018.1817626953125,1936.3636474609375,1954.54541015625,1882.4561767578125,660000
2022-05-26,1954.54541015625,1977.272705078125,1786.3636474609375,1790.9090576171875,1724.8551025390625,1411300
2022-05-27,1918.1817626953125,1968.1817626953125,1881.8182373046875,1963.6363525390625,1891.2117919921875,771100
2022-05-30,2022.727294921875,2113.636474609375,2000.0,2063.636474609375,1987.523681640625,910800
2022-05-31,2068.181884765625,2136.363525390625,2031.8182373046875,2113.636474609375,2035.679443359375,720500
2022-06-01,2113.636474609375,2127.272705078125,2054.54541015625,2090.9091796875,2013.790283203125,485100
2022-06-02,2090.9091796875,2236.363525390625,2086.363525390625,2095.45458984375,2018.1680908203125,1008700
2022-06-06,2127.272705078125,2181.818115234375,2095.45458984375,2159.0908203125,2079.457275390625,515900
2022-06-07,2240.9091796875,2263.636474609375,2131.818115234375,2136.363525390625,2057.568359375,768900
2022-06-08,2177.272705078125,2250.0,2177.272705078125,2213.636474609375,2131.9912109375,675400
2022-06-09,2227.272705078125,2236.363525390625,2181.818115234375,2222.727294921875,2140.746826171875,256300
2022-06-10,2172.727294921875,2272.727294921875,2163.636474609375,2240.9091796875,2158.258056640625,366300
2022-06-13,2150.0,2150.0,2063.636474609375,2122.727294921875,2044.43505859375,452100
2022-06-14,2077.272705078125,2081.818115234375,1945.45458984375,2045.45458984375,1970.0123291015625,916300
2022-06-15,2050.0,2127.272705078125,2027.272705078125,2081.818115234375,2005.03466796875,536800
2022-06-16,2163.636474609375,2227.272705078125,2081.818115234375,2090.9091796875,2013.790283203125,686400
2022-06-17,1990.9090576171875,2059.0908203125,1936.3636474609375,1954.54541015625,1882.4561767578125,756800
2022-06-20,2018.1817626953125,2022.727294921875,1959.0909423828125,1959.0909423828125,1886.8341064453125,431200
2022-06-21,1981.8182373046875,2040.9090576171875,1950.0,2027.272705078125,1952.5009765625,371800
2022-06-22,2045.45458984375,2059.0908203125,1977.272705078125,1977.272705078125,1904.34521484375,394900
2022-06-23,2054.54541015625,2054.54541015625,1954.54541015625,2040.9090576171875,1965.634521484375,321200
2022-06-24,2068.181884765625,2081.818115234375,1950.0,2050.0,1974.3900146484375,619300
2022-06-27,2140.9091796875,2250.0,2090.9091796875,2150.0,2070.70166015625,458700
2022-06-28,2165.0,2195.0,2120.0,2125.0,2080.4921875,369000
2022-06-29,2120.0,2135.0,2000.0,2000.0,1958.1103515625,406000
2022-06-30,2020.0,2035.0,1900.0,1900.0,1860.204833984375,448000
2022-07-01,1880.0,1920.0,1720.0,1725.0,1688.8701171875,990000
2022-07-04,1715.0,1765.0,1665.0,1685.0,1649.7080078125,821000
2022-07-05,1735.0,1775.0,1670.0,1700.0,1664.393798828125,726000
2022-07-06,1740.0,1770.0,1600.0,1610.0,1576.2789306640625,1096000
2022-07-07,1655.0,1725.0,1605.0,1710.0,1674.1844482421875,1136000
2022-07-08,1760.0,1835.0,1715.0,1755.0,1718.2418212890625,829000
2022-07-11,1780.0,1800.0,1650.0,1655.0,1620.3363037109375,760000
2022-07-12,1605.0,1615.0,1490.0,1590.0,1556.69775390625,1215000
2022-07-13,1685.0,1720.0,1635.0,1700.0,1664.393798828125,693000
2022-07-14,1640.0,1845.0,1640.0,1845.0,1806.3568115234375,916000
2022-07-15,1810.0,1855.0,1775.0,1815.0,1776.9852294921875,634000
2022-07-18,1870.0,1920.0,1845.0,1890.0,1850.414306640625,480000
2022-07-19,1840.0,1885.0,1735.0,1735.0,1698.66064453125,687000
2022-07-20,1795.0,1830.0,1760.0,1800.0,1762.29931640625,698000
2022-07-21,1810.0,1880.0,1770.0,1880.0,1840.623779296875,531000
2022-07-22,1895.0,1925.0,1780.0,1815.0,1776.9852294921875,621000
2022-07-25,1795.0,1810.0,1745.0,1805.0,1767.1947021484375,359000
2022-07-26,1800.0,1800.0,1720.0,1730.0,1693.765380859375,378000
2022-07-27,1720.0,1875.0,1710.0,1860.0,1821.0426025390625,690000
2022-07-28,1905.0,1915.0,1835.0,1835.0,1796.566162109375,641000
2022-07-29,1885.0,1950.0,1865.0,1925.0,1884.6812744140625,645000
2022-08-01,1925.0,1925.0,1815.0,1825.0,1786.7757568359375,394000
2022-08-02,1765.0,1800.0,1750.0,1775.0,1737.822998046875,426000
2022-08-03,1785.0,1900.0,1770.0,1805.0,1767.1947021484375,578000
2022-08-04,1795.0,1835.0,1720.0,1760.0,1723.1370849609375,551000
2022-08-05,1810.0,1890.0,1810.0,1890.0,1850.414306640625,394000
2022-08-08,1805.0,1835.0,1770.0,1795.0,1757.404052734375,590000
2022-08-09,1795.0,1805.0,1715.0,1725.0,1688.8701171875,788000
2022-08-10,1690.0,1690.0,1585.0,1585.0,1551.802490234375,779000
2022-08-11,1670.0,1685.0,1615.0,1650.0,1615.4410400390625,982000
2022-08-12,1660.0,1765.0,1640.0,1755.0,1718.2418212890625,852000
2022-08-15,1800.0,1930.0,1770.0,1930.0,1889.5765380859375,977000
2022-08-16,1930.0,1995.0,1920.0,1925.0,1884.6812744140625,914000
2022-08-17,1940.0,1980.0,1910.0,1910.0,1869.9954833984375,574000
2022-08-18,1900.0,1950.0,1865.0,1935.0,1894.4716796875,526000
2022-08-19,1970.0,2020.0,1950.0,1960.0,1918.9481201171875,971000
2022-08-22,1915.0,1915.0,1855.0,1865.0,1825.9378662109375,408000
2022-08-23,1805.0,1870.0,1795.0,1865.0,1825.9378662109375,541000
2022-08-24,1900.0,2050.0,1900.0,1980.0,1938.529296875,1534000
2022-08-25,2035.0,2065.0,1970.0,1970.0,1928.7386474609375,957000
2022-08-26,2040.0,2150.0,2015.0,2150.0,2104.96875,1048000
2022-08-29,2010.0,2060.0,2000.0,2040.0,1997.2725830078125,681000
2022-08-30,2075.0,2120.0,2035.0,2045.0,2002.1678466796875,590000
2022-08-31,2050.0,2085.0,2030.0,2035.0,1992.3773193359375,305000
2022-09-01,1995.0,2040.0,1960.0,1965.0,1923.8433837890625,442000
2022-09-02,2000.0,2000.0,1875.0,1875.0,1835.728515625,762000
2022-09-05,1890.0,1910.0,1840.0,1865.0,1825.9378662109375,531000
2022-09-06,1900.0,1920.0,1820.0,1825.0,1786.7757568359375,415000
2022-09-07,1775.0,1910.0,1750.0,1870.0,1830.8331298828125,658000
2022-09-08,1910.0,1990.0,1895.0,1975.0,1933.634033203125,685000
2022-09-12,2005.0,2060.0,1995.0,2025.0,1982.5867919921875,529000
2022-09-13,2040.0,2125.0,2040.0,2120.0,2075.596923828125,753000
2022-09-14,2025.0,2115.0,2015.0,2105.0,2060.9111328125,576000
2022-09-15,2135.0,2150.0,2075.0,2075.0,2031.53955078125,404000
2022-09-16,2075.0,2085.0,1965.0,1965.0,1923.8433837890625,487000
2022-09-19,1980.0,1990.0,1850.0,1860.0,1821.0426025390625,807000
2022-09-20,1905.0,1970.0,1905.0,1955.0,1914.0528564453125,515000
2022-09-21,1925.0,1975.0,1900.0,1940.0,1899.3670654296875,524000
2022-09-22,1890.0,1920.0,1880.0,1890.0,1850.414306640625,603000
2022-09-23,1910.0,1935.0,1775.0,1775.0,1737.822998046875,738000
2022-09-26,1740.0,1765.0,1660.0,1680.0,1644.812744140625,931000
2022-09-27,1720.0,1740.0,1670.0,1735.0,1698.66064453125,571000
2022-09-28,1740.0,1740.0,1620.0,1635.0,1600.7552490234375,770000
2022-09-29,1710.0,1760.0,1650.0,1650.0,1615.4410400390625,744000
2022-09-30,1585.0,1780.0,1555.0,1780.0,1742.71826171875,966000
2022-10-03,1750.0,1760.0,1695.0,1700.0,1664.393798828125,569000
2022-10-04,1780.0,1825.0,1760.0,1815.0,1776.9852294921875,644000
2022-10-05,1865.0,1985.0,1865.0,1930.0,1889.5765380859375,901000
2022-10-06,1965.0,1980.0,1885.0,1905.0,1865.1002197265625,497000
2022-10-07,1880.0,1895.0,1780.0,1790.0,1752.5087890625,668000
2022-10-11,1700.0,1750.0,1650.0,1665.0,1630.1268310546875,866000
2022-10-12,1655.0,1730.0,1585.0,1685.0,1649.7080078125,959000
2022-10-13,1700.0,1745.0,1660.0,1665.0,1630.1268310546875,760000
2022-10-14,1765.0,1790.0,1690.0,1690.0,1654.603271484375,589000
2022-10-17,1640.0,1660.0,1585.0,1660.0,1625.2315673828125,597000
2022-10-18,1730.0,1735.0,1610.0,1620.0,1586.0693359375,646000
2022-10-19,1615.0,1635.0,1585.0,1585.0,1551.802490234375,598000
2022-10-20,1570.0,1635.0,1540.0,1620.0,1586.0693359375,666000
2022-10-21,1600.0,1640.0,1540.0,1540.0,1507.7449951171875,479000
2022-10-24,1610.0,1620.0,1510.0,1510.0,1478.3734130859375,502000
2022-10-25,1510.0,1535.0,1465.0,1465.0,1434.3157958984375,635000
2022-10-26,1485.0,1525.0,1445.0,1490.0,1458.792236328125,1154000
2022-10-27,1575.0,1635.0,1555.0,1635.0,1600.7552490234375,939000
2022-10-28,1620.0,1695.0,1605.0,1685.0,1649.7080078125,954000
2022-10-31,1720.0,1725.0,1660.0,1680.0,1644.812744140625,726000
2022-11-01,1690.0,1770.0,1690.0,1735.0,1698.66064453125,731000
2022-11-02,1735.0,1790.0,1715.0,1790.0,1752.5087890625,581000
2022-11-03,1740.0,1810.0,1725.0,1805.0,1767.1947021484375,631000
2022-11-04,1785.0,1980.0,1780.0,1970.0,1928.7386474609375,857000
2022-11-07,2000.0,2080.0,1985.0,2025.0,1982.5867919921875,787000
2022-11-08,2080.0,2100.0,1910.0,1920.0,1879.7860107421875,974000
2022-11-09,1965.0,1970.0,1890.0,1900.0,1860.204833984375,612000
2022-11-10,1870.0,1975.0,1870.0,1955.0,1914.0528564453125,602000
2022-11-11,2120.0,2150.0,2045.0,2135.0,2090.28271484375,1126000
2022-11-14,2135.0,2235.0,2135.0,2220.0,2173.50244140625,733000
2022-11-15,2220.0,2230.0,2150.0,2180.0,2134.34033203125,533000
2022-11-16,2190.0,2215.0,2110.0,2145.0,2100.0732421875,576000
2022-11-17,2135.0,2185.0,2125.0,2165.0,2119.654541015625,767000
2022-11-18,2175.0,2210.0,2130.0,2170.0,2124.5498046875,733000
2022-11-21,2180.0,2180.0,2130.0,2145.0,2100.0732421875,414000
2022-11-22,2160.0,2215.0,2135.0,2185.0,2139.235595703125,542000
2022-11-23,2230.0,2240.0,2130.0,2130.0,2085.3876953125,583000
2022-11-24,2165.0,2175.0,2135.0,2170.0,2124.5498046875,291000
2022-11-25,2170.0,2185.0,2095.0,2095.0,2051.12060546875,402000
2022-11-28,2060.0,2155.0,2060.0,2120.0,2075.596923828125,314000
2022-11-29,2130.0,2150.0,2080.0,2150.0,2104.96875,252000
2022-11-30,2160.0,2190.0,2085.0,2085.0,2041.3302001953125,439000
2022-12-01,2155.0,2250.0,2150.0,2205.0,2158.816650390625,964000
2022-12-02,2210.0,2315.0,2175.0,2280.0,2232.245849609375,757000
2022-12-05,2310.0,2310.0,2125.0,2135.0,2090.28271484375,742000
2022-12-06,2135.0,2160.0,2010.0,2070.0,2026.6441650390625,879000
2022-12-07,2070.0,2085.0,2000.0,2000.0,1958.1103515625,498000
2022-12-08,2010.0,2035.0,1980.0,2010.0,1967.9010009765625,521000
2022-12-09,2040.0,2045.0,1975.0,1985.0,1943.424560546875,412000
2022-12-12,1985.0,1985.0,1920.0,1985.0,1943.424560546875,499000
2022-12-13,2030.0,2030.0,1950.0,1950.0,1909.1575927734375,401000
2022-12-14,1980.0,2040.0,1970.0,2040.0,1997.2725830078125,406000
2022-12-15,2060.0,2060.0,1990.0,2000.0,1958.1103515625,453000
2022-12-16,1950.0,2010.0,1940.0,2010.0,1967.9010009765625,303000
2022-12-19,2000.0,2000.0,1950.0,1970.0,1928.7386474609375,212000
2022-12-20,1960.0,1990.0,1870.0,1875.0,1835.728515625,355000
2022-12-21,1905.0,1920.0,1810.0,1820.0,1781.8804931640625,532000
2022-12-22,1870.0,1880.0,1810.0,1815.0,1776.9852294921875,400000
2022-12-23,1785.0,1830.0,1765.0,1830.0,1791.6708984375,307000
2022-12-26,1830.0,1830.0,1750.0,1785.0,1747.613525390625,322000
2022-12-27,1805.0,1825.0,1775.0,1790.0,1752.5087890625,182000
2022-12-28,1755.0,1760.0,1695.0,1710.0,1674.1844482421875,362000
2022-12-29,1690.0,1725.0,1685.0,1720.0,1683.9749755859375,272000
2022-12-30,1740.0,1750.0,1685.0,1685.0,1649.7080078125,328000
2023-01-03,1700.0,1745.0,1700.0,1740.0,1703.5560302734375,298000
2023-01-04,1740.0,1775.0,1720.0,1755.0,1718.2418212890625,277000
2023-01-05,1790.0,1815.0,1750.0,1765.0,1728.0323486328125,536000
2023-01-06,1780.0,1830.0,1760.0,1830.0,1791.6708984375,265000
2023-01-09,1900.0,1910.0,1870.0,1910.0,1869.9954833984375,380000
2023-01-10,1935.0,2045.0,1930.0,2020.0,1977.6915283203125,958000
2023-01-11,1980.0,2025.0,1940.0,2020.0,1977.6915283203125,806000
2023-01-12,2000.0,2020.0,1965.0,1965.0,1923.8433837890625,388000
2023-01-13,1970.0,2020.0,1930.0,1935.0,1894.4716796875,414000
2023-01-16,1960.0,1970.0,1920.0,1940.0,1899.3670654296875,266000
2023-01-17,1940.0,1975.0,1915.0,1960.0,1918.9481201171875,183000
2023-01-30,2010.0,2055.0,1995.0,2045.0,2002.1678466796875,713000
2023-01-31,2020.0,2100.0,2020.0,2100.0,2056.015869140625,409000
2023-02-01,2145.0,2165.0,2110.0,2160.0,2114.75927734375,526000
2023-02-02,2175.0,2320.0,2175.0,2275.0,2227.3505859375,896000
2023-02-03,2275.0,2500.0,2270.0,2500.0,2447.637939453125,940000
2023-02-06,2485.0,2485.0,2320.0,2390.0,2339.94189453125,989000
2023-02-07,2330.0,2450.0,2330.0,2355.0,2305.6748046875,1222000
2023-02-08,2400.0,2450.0,2340.0,2345.0,2295.88427734375,714000
2023-02-09,2370.0,2370.0,2220.0,2230.0,2183.29296875,729000
2023-02-10,2240.0,2275.0,2195.0,2225.0,2178.39794921875,403000
2023-02-13,2220.0,2265.0,2175.0,2175.0,2129.445068359375,381000
2023-02-14,2210.0,2280.0,2180.0,2210.0,2163.7119140625,629000
2023-02-15,2200.0,2235.0,2185.0,2235.0,2188.1884765625,440000
2023-02-16,2270.0,2390.0,2265.0,2370.0,2320.36083984375,814000
2023-02-17,2370.0,2370.0,2280.0,2280.0,2232.245849609375,413000
2023-02-20,2300.0,2335.0,2230.0,2240.0,2193.08349609375,409000
2023-02-21,2330.0,2460.0,2295.0,2460.0,2408.475830078125,1062000
2023-02-22,2450.0,2470.0,2355.0,2400.0,2349.732666015625,712000
2023-02-23,2450.0,2625.0,2445.0,2595.0,2540.648193359375,853000
2023-02-24,2610.0,2850.0,2610.0,2795.0,2736.459228515625,1211000
2023-03-01,2800.0,3020.0,2780.0,2965.0,2902.8984375,971000
2023-03-02,2850.0,2860.0,2750.0,2775.0,2716.878173828125,695000
2023-03-03,2780.0,2920.0,2685.0,2720.0,2663.030029296875,816000
2023-03-06,2800.0,2810.0,2655.0,2670.0,2614.077392578125,696000
2023-03-07,2610.0,2665.0,2535.0,2565.0,2511.276611328125,1240000
2023-03-08,2565.0,2590.0,2510.0,2510.0,2457.428466796875,691000
2023-03-09,2545.0,2635.0,2530.0,2625.0,2570.019775390625,896000
2023-03-10,2545.0,2690.0,2545.0,2690.0,2633.658447265625,679000
2023-03-13,2685.0,2740.0,2645.0,2655.0,2599.3916015625,575000
2023-03-14,2655.0,2725.0,2640.0,2665.0,2609.18212890625,440000
2023-03-15,2770.0,2800.0,2655.0,2660.0,2604.28662109375,515000
2023-03-16,2640.0,2670.0,2575.0,2660.0,2604.28662109375,538000
2023-03-17,2740.0,2760.0,2685.0,2720.0,2663.030029296875,528000
2023-03-20,2750.0,2790.0,2705.0,2785.0,2726.668701171875,478000
2023-03-21,2825.0,2835.0,2705.0,2705.0,2648.344482421875,410000
2023-03-22,2750.0,2830.0,2750.0,2800.0,2741.354736328125,663000
2023-03-23,2815.0,2885.0,2760.0,2870.0,2809.888427734375,620000
2023-03-24,2970.0,2990.0,2815.0,2900.0,2839.260009765625,740000
2023-03-27,2935.0,2935.0,2820.0,2820.0,2760.935791015625,342000
2023-03-28,2845.0,2900.0,2810.0,2835.0,2775.62158203125,306000
2023-03-29,2870.0,2890.0,2665.0,2710.0,2653.239501953125,470000
2023-03-30,2790.0,2795.0,2715.0,2715.0,2658.135009765625,276000
2023-03-31,2755.0,2760.0,2600.0,2635.0,2579.810546875,939000
2023-04-06,2600.0,2645.0,2520.0,2600.0,2545.543701171875,666000
2023-04-07,2600.0,2795.0,2570.0,2750.0,2692.40185546875,782000
2023-04-10,2790.0,2845.0,2760.0,2840.0,2780.5166015625,521000
2023-04-11,2860.0,2940.0,2840.0,2935.0,2873.52685546875,696000
2023-04-12,2900.0,2925.0,2805.0,2830.0,2770.72607421875,676000
2023-04-13,2830.0,2830.0,2765.0,2765.0,2707.087646484375,414000
2023-04-14,2830.0,2830.0,2755.0,2755.0,2697.296875,342000
2023-04-17,2760.0,2840.0,2735.0,2815.0,2756.040283203125,283000
2023-04-18,2815.0,2845.0,2760.0,2775.0,2716.878173828125,222000
2023-04-19,2750.0,2790.0,2655.0,2655.0,2599.3916015625,458000
2023-04-20,2660.0,2705.0,2635.0,2635.0,2579.810546875,329000
2023-04-21,2660.0,2690.0,2575.0,2610.0,2555.334228515625,352000
2023-04-24,2600.0,2660.0,2560.0,2650.0,2594.49609375,288000
2023-04-25,2675.0,2705.0,2580.0,2590.0,2535.7529296875,513000
2023-04-26,2585.0,2710.0,2560.0,2700.0,2643.448974609375,441000
2023-04-27,2705.0,2720.0,2630.0,2640.0,2584.70556640625,291000
2023-04-28,2685.0,2705.0,2615.0,2615.0,2560.229248046875,251000
2023-05-02,2645.0,2830.0,2635.0,2815.0,2756.040283203125,587000
2023-05-03,2810.0,2810.0,2700.0,2785.0,2726.668701171875,356000
2023-05-04,2785.0,2840.0,2750.0,2825.0,2765.830810546875,516000
2023-05-05,2830.0,2865.0,2765.0,2765.0,2707.087646484375,348000
2023-05-08,2820.0,2890.0,2800.0,2880.0,2819.678955078125,472000
2023-05-09,2800.0,2835.0,2690.0,2805.0,2746.249755859375,788000
2023-05-10,2805.0,2805.0,2680.0,2715.0,2658.135009765625,547000
2023-05-11,2740.0,2780.0,2655.0,2655.0,2599.3916015625,560000
2023-05-12,2660.0,2730.0,2625.0,2715.0,2658.135009765625,418000
2023-05-15,2695.0,2740.0,2635.0,2730.0,2672.82080078125,408000
2023-05-16,2770.0,2795.0,2735.0,2750.0,2692.40185546875,381000
2023-05-17,2750.0,2820.0,2745.0,2805.0,2746.249755859375,309000
2023-05-18,2855.0,2900.0,2855.0,2875.0,2814.78369140625,340000
2023-05-19,2895.0,2920.0,2840.0,2910.0,2849.050537109375,452000
2023-05-22,2900.0,2925.0,2765.0,2765.0,2707.087646484375,396000
2023-05-23,2795.0,2795.0,2715.0,2715.0,2658.135009765625,389000
2023-05-24,2705.0,2735.0,2665.0,2700.0,2643.448974609375,351000
2023-05-25,2795.0,2840.0,2745.0,2760.0,2702.1923828125,731000
2023-05-26,2830.0,3035.0,2815.0,3035.0,2971.4326171875,909000
2023-05-29,3160.0,3270.0,3105.0,3105.0,3039.966552734375,811000
2023-05-30,3135.0,3190.0,3065.0,3150.0,3084.02392578125,298000
2023-05-31,3140.0,3150.0,2840.0,2880.0,2819.678955078125,898000
2023-06-01,2870.0,2895.0,2815.0,2885.0,2824.57421875,499000
2023-06-02,2925.0,2950.0,2855.0,2865.0,2804.9931640625,337000
2023-06-05,2840.0,2895.0,2835.0,2860.0,2800.09765625,258000
2023-06-06,2855.0,2855.0,2775.0,2820.0,2760.935791015625,353000
2023-06-07,2835.0,2860.0,2785.0,2820.0,2760.935791015625,215000
2023-06-08,2715.0,2730.0,2540.0,2540.0,2486.80029296875,880000
2023-06-09,2520.0,2580.0,2510.0,2530.0,2477.009765625,678000
2023-06-12,2550.0,2645.0,2550.0,2590.0,2535.7529296875,490000
2023-06-13,2670.0,2790.0,2645.0,2720.0,2663.030029296875,697000
2023-06-14,2765.0,2765.0,2670.0,2675.0,2618.97265625,257000
2023-06-15,2680.0,2770.0,2680.0,2720.0,2708.595458984375,548000
2023-06-16,2740.0,2840.0,2740.0,2805.0,2793.239013671875,348000
2023-06-19,2795.0,2815.0,2755.0,2770.0,2758.3857421875,211000
2023-06-20,2815.0,2910.0,2810.0,2875.0,2862.945556640625,536000
2023-06-21,2870.0,2925.0,2800.0,2830.0,2818.134033203125,467000
2023-06-26,2790.0,2980.0,2780.0,2890.0,2877.882568359375,588000
2023-06-27,2880.0,2925.0,2790.0,2790.0,2778.3017578125,348000
2023-06-28,2850.0,2905.0,2685.0,2700.0,2688.67919921875,601000
2023-06-29,2760.0,2770.0,2690.0,2725.0,2713.574462890625,295000
2023-06-30,2700.0,2880.0,2700.0,2850.0,2838.05029296875,591000
2023-07-03,2945.0,2945.0,2870.0,2895.0,2882.861572265625,407000
2023-07-04,2915.0,2975.0,2815.0,2830.0,2818.134033203125,487000
2023-07-05,2830.0,2845.0,2750.0,2800.0,2788.260009765625,294000
2023-07-06,2785.0,2815.0,2760.0,2795.0,2783.28076171875,197000
2023-07-07,2730.0,2880.0,2730.0,2795.0,2783.28076171875,348000
2023-07-10,2765.0,2780.0,2520.0,2545.0,2534.3291015625,1118000
2023-07-11,2585.0,2585.0,2445.0,2515.0,2504.454833984375,913000
2023-07-12,2530.0,2530.0,2310.0,2360.0,2350.104736328125,1521000
2023-07-13,2400.0,2440.0,2335.0,2350.0,2340.146728515625,1379000
2023-07-14,2375.0,2470.0,2375.0,2440.0,2429.769287109375,798000
2023-07-17,2455.0,2500.0,2355.0,2470.0,2459.6435546875,553000
2023-07-18,2500.0,2580.0,2495.0,2550.0,2539.30810546875,792000
2023-07-19,2575.0,2625.0,2525.0,2525.0,2514.412841796875,619000
2023-07-20,2525.0,2545.0,2430.0,2535.0,2524.37109375,527000
2023-07-21,2490.0,2505.0,2460.0,2500.0,2489.517822265625,622000
2023-07-24,2520.0,2530.0,2450.0,2485.0,2474.58056640625,359000
2023-07-25,2515.0,2565.0,2500.0,2515.0,2504.454833984375,334000
2023-07-26,2525.0,2550.0,2465.0,2470.0,2459.6435546875,423000
2023-07-27,2470.0,2510.0,2385.0,2405.0,2394.916015625,581000
2023-07-28,2405.0,2495.0,2350.0,2490.0,2479.559814453125,347000
2023-07-31,2505.0,2515.0,2315.0,2320.0,2310.2724609375,495000
2023-08-01,2375.0,2375.0,2240.0,2250.0,2240.56591796875,699000
2023-08-02,2275.0,2315.0,2205.0,2230.0,2220.64990234375,634000
2023-08-04,2160.0,2230.0,2145.0,2195.0,2185.796630859375,588000
2023-08-07,2210.0,2210.0,2095.0,2130.0,2121.069091796875,856000
2023-08-08,2145.0,2190.0,2080.0,2155.0,2145.96435546875,724000
2023-08-09,2135.0,2295.0,2135.0,2280.0,2270.440185546875,544000
2023-08-10,2265.0,2340.0,2175.0,2185.0,2175.838623046875,617000
2023-08-11,2250.0,2250.0,2120.0,2170.0,2160.9013671875,347000
2023-08-14,2155.0,2175.0,2110.0,2140.0,2131.027099609375,290000
2023-08-15,2160.0,2215.0,2070.0,2100.0,2091.19482421875,443000
2023-08-16,2100.0,2140.0,2090.0,2125.0,2116.090087890625,229000
2023-08-17,2125.0,2330.0,2100.0,2275.0,2265.461181640625,672000
2023-08-18,2275.0,2360.0,2265.0,2325.0,2315.25146484375,489000
2023-08-21,2370.0,2385.0,2300.0,2345.0,2335.167724609375,416000
2023-08-22,2370.0,2400.0,2350.0,2355.0,2345.125732421875,319000
2023-08-23,2370.0,2370.0,2220.0,2315.0,2305.29345703125,538000
2023-08-24,2395.0,2525.0,2390.0,2465.0,2454.66455078125,903000
2023-08-25,2435.0,2445.0,2380.0,2385.0,2375.0,339000
2023-08-28,2465.0,2590.0,2400.0,2590.0,2579.140380859375,619000
2023-08-29,2600.0,2620.0,2535.0,2560.0,2549.26611328125,389000
2023-08-30,2600.0,2685.0,2600.0,2630.0,2618.97265625,994000
2023-08-31,2660.0,2700.0,2520.0,2700.0,2688.67919921875,727000
2023-09-01,2700.0,2740.0,2550.0,2550.0,2539.30810546875,717000
2023-09-04,2560.0,2630.0,2520.0,2620.0,2609.0146484375,505000
2023-09-05,2600.0,2645.0,2580.0,2640.0,2628.9306640625,346000
2023-09-06,2640.0,2690.0,2615.0,2640.0,2628.9306640625,365000
2023-09-07,2600.0,2660.0,2585.0,2655.0,2643.867919921875,185000
2023-09-08,2610.0,2635.0,2535.0,2535.0,2524.37109375,255000
2023-09-11,2545.0,2565.0,2465.0,2490.0,2479.559814453125,326000
2023-09-12,2505.0,2650.0,2505.0,2635.0,2623.95166015625,530000
2023-09-13,2640.0,2760.0,2615.0,2740.0,2728.511474609375,778000
2023-09-14,2765.0,2855.0,2740.0,2770.0,2758.3857421875,812000
2023-09-15,2795.0,2840.0,2760.0,2815.0,2803.197021484375,389000
2023-09-18,2760.0,2805.0,2690.0,2690.0,2678.72119140625,307000
2023-09-19,2745.0,2865.0,2720.0,2775.0,2763.36474609375,745000
2023-09-20,2765.0,2765.0,2630.0,2630.0,2618.97265625,551000
2023-09-21,2585.0,2600.0,2510.0,2585.0,2574.161376953125,389000
2023-09-22,2520.0,2625.0,2520.0,2560.0,2549.26611328125,335000
2023-09-25,2560.0,2715.0,2560.0,2590.0,2579.140380859375,548000
2023-09-26,2585.0,2710.0,2575.0,2710.0,2698.63720703125,609000
2023-09-27,2710.0,2715.0,2610.0,2635.0,2623.95166015625,389000
2023-09-28,2675.0,2800.0,2675.0,2765.0,2753.40673828125,777000
2023-10-02,2810.0,2850.0,2755.0,2765.0,2753.40673828125,478000
2023-10-03,2790.0,2815.0,2705.0,2725.0,2713.574462890625,511000
2023-10-04,2700.0,2750.0,2685.0,2750.0,2738.469482421875,241000
2023-10-05,2800.0,2860.0,2785.0,2825.0,2813.155029296875,572000
2023-10-06,2865.0,2870.0,2770.0,2840.0,2828.09228515625,290000
2023-10-11,2920.0,3035.0,2860.0,3035.0,3022.274658203125,1027000
2023-10-12,3000.0,3005.0,2865.0,2885.0,2872.903564453125,851000
2023-10-13,2895.0,2980.0,2850.0,2875.0,2862.945556640625,606000
2023-10-16,2875.0,2915.0,2815.0,2870.0,2857.96630859375,263000
2023-10-17,2945.0,2945.0,2820.0,2820.0,2808.176025390625,308000
2023-10-18,2865.0,2865.0,2705.0,2775.0,2763.36474609375,357000
2023-10-19,2770.0,2895.0,2720.0,2895.0,2882.861572265625,427000
2023-10-20,2830.0,2875.0,2810.0,2860.0,2848.00830078125,393000
2023-10-23,2860.0,2900.0,2770.0,2830.0,2818.134033203125,263000
2023-10-24,2845.0,2850.0,2670.0,2730.0,2718.553466796875,539000
2023-10-25,2740.0,2780.0,2710.0,2715.0,2703.6162109375,470000
2023-10-26,2630.0,2660.0,2595.0,2595.0,2584.119384765625,333000
2023-10-27,2620.0,2740.0,2620.0,2730.0,2718.553466796875,450000
2023-10-30,2725.0,2760.0,2660.0,2705.0,2693.658203125,327000
2023-10-31,2720.0,2785.0,2570.0,2570.0,2559.224365234375,529000
2023-11-01,2630.0,2675.0,2590.0,2645.0,2633.909912109375,368000
2023-11-02,2700.0,2735.0,2655.0,2655.0,2643.867919921875,396000
2023-11-03,2700.0,2705.0,2615.0,2625.0,2613.99365234375,214000
2023-11-06,2675.0,2750.0,2660.0,2735.0,2723.532470703125,341000
2023-11-07,2755.0,2760.0,2695.0,2730.0,2718.553466796875,336000
2023-11-08,2850.0,2910.0,2825.0,2850.0,2838.05029296875,966000
2023-11-09,2870.0,2870.0,2805.0,2840.0,2828.09228515625,288000
2023-11-10,2830.0,2850.0,2785.0,2810.0,2798.218017578125,173000
2023-11-13,2845.0,2910.0,2825.0,2835.0,2823.11328125,378000
2023-11-14,2875.0,2940.0,2870.0,2920.0,2907.7568359375,579000
2023-11-15,2995.0,3005.0,2820.0,2845.0,2833.0712890625,587000
2023-11-16,2885.0,2885.0,2795.0,2865.0,2852.9873046875,354000
2023-11-17,2865.0,2955.0,2860.0,2910.0,2897.798583984375,415000
2023-11-20,2945.0,2945.0,2850.0,2865.0,2852.9873046875,204000
2023-11-21,2920.0,2920.0,2815.0,2850.0,2838.05029296875,303000
2023-11-22,2850.0,2880.0,2835.0,2870.0,2857.96630859375,128000
2023-11-23,2885.0,2885.0,2805.0,2835.0,2823.11328125,187000
2023-11-24,2840.0,2850.0,2820.0,2820.0,2808.176025390625,148000
2023-11-27,2845.0,2850.0,2775.0,2800.0,2788.260009765625,251000
2023-11-28,2865.0,2950.0,2855.0,2930.0,2917.71484375,591000
2023-11-29,2940.0,2945.0,2850.0,2945.0,2932.65185546875,408000
2023-11-30,2960.0,3005.0,2920.0,2945.0,2932.65185546875,429000
2023-12-01,2940.0,2945.0,2865.0,2885.0,2872.903564453125,317000
2023-12-04,2915.0,2915.0,2835.0,2840.0,2828.09228515625,205000
2023-12-05,2840.0,2855.0,2800.0,2810.0,2798.218017578125,173000
2023-12-06,2845.0,2880.0,2805.0,2815.0,2803.197021484375,306000
2023-12-07,2815.0,2940.0,2800.0,2940.0,2927.6728515625,505000
2023-12-08,2955.0,2985.0,2915.0,2925.0,2912.73583984375,327000
2023-12-11,2960.0,3065.0,2960.0,3040.0,3027.253662109375,644000
2023-12-12,3010.0,3130.0,2985.0,3115.0,3101.939208984375,454000
2023-12-13,3095.0,3170.0,3045.0,3140.0,3126.834228515625,264000
2023-12-14,3180.0,3190.0,3055.0,3075.0,3062.10693359375,293000
2023-12-15,3110.0,3135.0,3030.0,3100.0,3087.001953125,394000
2023-12-18,3090.0,3110.0,3020.0,3035.0,3022.274658203125,196000
2023-12-19,3055.0,3070.0,2990.0,3000.0,2987.42138671875,159000
2023-12-20,3020.0,3030.0,2980.0,2985.0,2972.484130859375,168000
2023-12-21,2960.0,3050.0,2960.0,3050.0,3037.211669921875,122000
2023-12-22,3035.0,3090.0,3025.0,3090.0,3077.0439453125,115000
2023-12-25,3100.0,3140.0,3085.0,3110.0,3096.960205078125,95000
2023-12-26,3125.0,3135.0,3100.0,3125.0,3111.897216796875,73000
2023-12-27,3140.0,3165.0,3050.0,3160.0,3146.75048828125,242000
2023-12-28,3160.0,3160.0,3085.0,3090.0,3077.0439453125,128000
2023-12-29,3130.0,3130.0,3060.0,3120.0,3106.918212890625,101000
2024-01-02,3095.0,3120.0,2965.0,2965.0,2952.568115234375,348000
2024-01-03,2955.0,2995.0,2900.0,2915.0,2902.77783203125,301000
2024-01-04,2900.0,2925.0,2855.0,2860.0,2848.00830078125,226000
2024-01-05,2870.0,3010.0,2870.0,3000.0,2987.42138671875,397000
2024-01-08,3000.0,3060.0,2960.0,3040.0,3027.253662109375,264000
2024-01-09,3050.0,3130.0,2980.0,2980.0,2967.505126953125,352000
2024-01-10,2965.0,3030.0,2965.0,3020.0,3007.33740234375,211000
2024-01-11,3020.0,3130.0,3000.0,3130.0,3116.876220703125,417000
2024-01-12,3095.0,3095.0,3025.0,3025.0,3012.31640625,203000
2024-01-15,3040.0,3050.0,2970.0,2975.0,2962.526123046875,262162
2024-01-16,2945.0,3000.0,2940.0,2960.0,2947.589111328125,252000
2024-01-17,2960.0,2960.0,2850.0,2855.0,2843.029296875,278000
2024-01-18,2865.0,2960.0,2865.0,2930.0,2917.71484375,201000
2024-01-19,2995.0,3080.0,2995.0,3030.0,3017.295654296875,484000
2024-01-22,3050.0,3080.0,3030.0,3045.0,3032.232666015625,203000
2024-01-23,3045.0,3115.0,3045.0,3075.0,3062.10693359375,201000
2024-01-24,3080.0,3110.0,3030.0,3080.0,3067.0859375,188000
2024-01-25,3100.0,3135.0,3065.0,3085.0,3072.06494140625,159000
2024-01-26,3050.0,3050.0,2905.0,2905.0,2892.819580078125,605000
2024-01-29,2950.0,3040.0,2920.0,3025.0,3012.31640625,411000
2024-01-30,3030.0,3325.0,3030.0,3260.0,3246.331298828125,900000
2024-01-31,3200.0,3225.0,3015.0,3085.0,3072.06494140625,627000
2024-02-01,3110.0,3110.0,3010.0,3030.0,3017.295654296875,324000
2024-02-02,3070.0,3110.0,3020.0,3060.0,3047.169677734375,330000
2024-02-05,3060.0,3065.0,2985.0,3035.0,3022.274658203125,381000
2024-02-15,3090.0,3145.0,3040.0,3100.0,3087.001953125,483000
2024-02-16,3110.0,3140.0,3020.0,3060.0,3047.169677734375,267000
2024-02-19,3075.0,3110.0,2980.0,3035.0,3022.274658203125,392000
2024-02-20,3010.0,3050.0,2965.0,3030.0,3017.295654296875,484000
2024-02-21,2975.0,3000.0,2760.0,2765.0,2753.40673828125,1315000
2024-02-22,2795.0,2815.0,2660.0,2660.0,2648.846923828125,1354000
2024-02-23,2720.0,2770.0,2660.0,2660.0,2648.846923828125,1053000
2024-02-26,2685.0,2810.0,2685.0,2795.0,2783.28076171875,521000
2024-02-27,2810.0,2815.0,2695.0,2700.0,2688.67919921875,520000
2024-02-29,2690.0,2750.0,2655.0,2735.0,2723.532470703125,467000
2024-03-01,2760.0,2885.0,2760.0,2865.0,2852.9873046875,652000
2024-03-04,2910.0,2935.0,2830.0,2870.0,2857.96630859375,362000
2024-03-05,2925.0,2970.0,2905.0,2930.0,2917.71484375,481000
2024-03-06,2930.0,2960.0,2845.0,2945.0,2932.65185546875,394000
2024-03-07,2985.0,3030.0,2930.0,2960.0,2947.589111328125,403000
2024-03-08,3000.0,3000.0,2850.0,2925.0,2912.73583984375,357000
2024-03-11,2915.0,2925.0,2800.0,2920.0,2907.7568359375,386000
2024-03-12,2915.0,2945.0,2700.0,2735.0,2723.532470703125,749000
2024-03-13,2735.0,2735.0,2735.0,2735.0,2723.532470703125,0
2024-03-14,2655.0,2790.0,2605.0,2755.0,2743.448486328125,593000
2024-03-15,2705.0,2825.0,2690.0,2770.0,2758.3857421875,547000
2024-03-18,2890.0,2990.0,2865.0,2955.0,2942.610107421875,996000
2024-03-19,2900.0,2915.0,2770.0,2845.0,2833.0712890625,682000
2024-03-20,2845.0,2845.0,2845.0,2845.0,2833.0712890625,0
2024-03-21,2885.0,2890.0,2795.0,2835.0,2823.11328125,486000
2024-03-22,2835.0,2925.0,2825.0,2915.0,2902.77783203125,434000
2024-03-25,2915.0,2915.0,2915.0,2915.0,2902.77783203125,0
2024-03-26,2905.0,2950.0,2885.0,2925.0,2912.73583984375,323000
2024-03-27,3100.0,3215.0,3090.0,3215.0,3201.519775390625,1419000
2024-03-28,3185.0,3380.0,3110.0,3330.0,3316.03759765625,908000
2024-03-29,3330.0,3460.0,3305.0,3320.0,3306.07958984375,429000
2024-04-01,3350.0,3385.0,3245.0,3350.0,3335.953857421875,521000
2024-04-02,3340.0,3390.0,3270.0,3330.0,3316.03759765625,364000
2024-04-03,3270.0,3480.0,3270.0,3405.0,3390.72314453125,464000
2024-04-08,3435.0,3485.0,3300.0,3405.0,3390.72314453125,523000
2024-04-09,3395.0,3410.0,3140.0,3225.0,3211.47802734375,543000
2024-04-10,3160.0,3255.0,3160.0,3185.0,3171.645751953125,379000
2024-04-11,3175.0,3225.0,3100.0,3170.0,3156.70849609375,351000
2024-04-12,3165.0,3235.0,3165.0,3170.0,3156.70849609375,156000
2024-04-15,3110.0,3180.0,3050.0,3115.0,3101.939208984375,251000
2024-04-16,3065.0,3065.0,3005.0,3015.0,3002.3583984375,179000
2024-04-17,3015.0,3215.0,3015.0,3160.0,3146.75048828125,371000
2024-04-18,3160.0,3235.0,3130.0,3220.0,3206.498779296875,251000
2024-04-19,3160.0,3160.0,2965.0,3000.0,2987.42138671875,478000
2024-04-22,3000.0,3095.0,2970.0,2980.0,2967.505126953125,400000
2024-04-23,3010.0,3025.0,2895.0,2900.0,2887.840576171875,388000
2024-04-24,2965.0,3030.0,2935.0,3000.0,2987.42138671875,349000
2024-04-25,2920.0,2965.0,2840.0,2890.0,2877.882568359375,270000
2024-04-26,2955.0,3070.0,2895.0,3020.0,3007.33740234375,375000
2024-04-29,3060.0,3220.0,3060.0,3140.0,3126.834228515625,490000
2024-04-30,3120.0,3145.0,3060.0,3085.0,3072.06494140625,198000
2024-05-02,3040.0,3160.0,3015.0,3130.0,3116.876220703125,134000
2024-05-03,3200.0,3310.0,3170.0,3235.0,3221.43603515625,458000
2024-05-06,3250.0,3360.0,3250.0,3280.0,3266.247314453125,413000
2024-05-07,3345.0,3375.0,3055.0,3275.0,3261.268310546875,913000
2024-05-08,3275.0,3335.0,3160.0,3170.0,3156.70849609375,371000
2024-05-09,3170.0,3195.0,3045.0,3100.0,3087.001953125,266000
2024-05-10,3110.0,3145.0,3010.0,3010.0,2997.37939453125,236000
2024-05-13,3050.0,3135.0,2940.0,3125.0,3111.897216796875,345000
2024-05-14,3130.0,3210.0,3125.0,3205.0,3191.561767578125,232000
2024-05-15,3175.0,3240.0,3175.0,3185.0,3171.645751953125,271000
2024-05-16,3245.0,3415.0,3220.0,3410.0,3395.7021484375,728000
2024-05-17,3390.0,3445.0,3360.0,3415.0,3400.681396484375,415000
2024-05-20,3405.0,3405.0,3270.0,3310.0,3296.12158203125,265000
2024-05-21,3255.0,3260.0,3120.0,3120.0,3106.918212890625,430000
2024-05-22,3145.0,3325.0,3130.0,3300.0,3286.16357421875,463000
2024-05-23,3270.0,3360.0,3270.0,3360.0,3345.911865234375,309000
2024-05-24,3360.0,3695.0,3360.0,3695.0,3679.50732421875,487000
2024-05-27,3810.0,3990.0,3810.0,3830.0,3813.941162109375,754000
2024-05-28,3835.0,3925.0,3830.0,3880.0,3863.731689453125,469000
2024-05-29,3865.0,3965.0,3755.0,3815.0,3799.004150390625,431000
2024-05-30,3750.0,3780.0,3660.0,3750.0,3734.276611328125,268000
2024-05-31,3760.0,3820.0,3630.0,3645.0,3629.717041015625,286000
2024-06-03,3685.0,3880.0,3685.0,3820.0,3803.983154296875,413000
2024-06-04,3840.0,3905.0,3750.0,3780.0,3764.15087890625,491000
2024-06-05,3865.0,4120.0,3805.0,4090.0,4072.85107421875,719000
2024-06-06,4250.0,4465.0,4210.0,4300.0,4281.970703125,749000
2024-06-07,4300.0,4365.0,4175.0,4290.0,4272.0126953125,528000
2024-06-11,4360.0,4715.0,4320.0,4715.0,4695.23046875,623000
2024-06-12,5075.0,5075.0,4590.0,4675.0,4655.3984375,673000
2024-06-13,4690.0,4775.0,4640.0,4675.0,4655.3984375,362000
2024-06-14,4650.0,4755.0,4610.0,4740.0,4720.12548828125,423000
2024-06-17,4740.0,4815.0,4520.0,4590.0,4570.7548828125,455000
2024-06-18,4640.0,4700.0,4610.0,4700.0,4680.29345703125,347000
2024-06-19,4705.0,4900.0,4705.0,4890.0,4869.49658203125,446000
2024-06-20,4835.0,5050.0,4835.0,4985.0,4964.0986328125,378000
2024-06-21,4900.0,5065.0,4890.0,4965.0,4944.18212890625,283000
2024-06-24,4955.0,4955.0,4700.0,4740.0,4720.12548828125,354000
2024-06-25,4845.0,4860.0,4620.0,4770.0,4750.0,334000
2024-06-26,4705.0,4980.0,4705.0,4950.0,4950.0,408000
2024-06-27,4915.0,5000.0,4780.0,4800.0,4800.0,226000
2024-06-28,4880.0,4935.0,4820.0,4840.0,4840.0,252000
2024-07-01,4880.0,4890.0,4700.0,4700.0,4700.0,234000
2024-07-02,4750.0,4755.0,4615.0,4710.0,4710.0,262000
2024-07-03,4850.0,4860.0,4670.0,4690.0,4690.0,164000
2024-07-04,4785.0,4785.0,4300.0,4390.0,4390.0,776000
2024-07-05,4415.0,4540.0,4385.0,4495.0,4495.0,403000
2024-07-08,4565.0,4745.0,4555.0,4615.0,4615.0,518000
2024-07-09,4615.0,4665.0,4500.0,4585.0,4585.0,310000
2024-07-10,4615.0,4620.0,4525.0,4605.0,4605.0,193000
2024-07-11,4615.0,4760.0,4565.0,4750.0,4750.0,291000
2024-07-12,4775.0,4775.0,4505.0,4525.0,4525.0,269000
2024-07-15,4580.0,4590.0,4375.0,4415.0,4415.0,343000
